{
  "phases": {
    "extract": 1.1306000000040513,
    "init": 10.921099999992293,
    "resolve": 2247.950199999992,
    "generate": 858.9682999999786,
    "compile": 8545.160000000003
  },
  "totalMs": 121978
}